[ 
    {
      "name":"SampleRole",
      "resourcepermissions":[
        {
          "path" : "/applications/*",
          "permissions" : [ "get","put"]
        },
        {
          "path" : "/environments/*/application/*/revisions/*/debugsessions",
          "permissions" : [ "get","put"]
        },
        {
          "path" : "/keyvaluemaps/*",
          "permissions" : [ "get","put"]
        },
        {
          "path" : "/sharedflows/*",
          "permissions" : [ "get","delete"]
        }
      ]
    }
]