<?xml version="1.0" ?>
<project xmlns="http://maven.apache.org/POM/4.0.0" xmlns:xsi="http://www.w3.org/2001/XMLSchema-instance" xsi:schemaLocation="http://maven.apache.org/POM/4.0.0 http://maven.apache.org/xsd/maven-4.0.0.xsd">
    <modelVersion>4.0.0</modelVersion>
    <groupId>apigee</groupId>
    <artifactId>parent-pom</artifactId>
    <packaging>pom</packaging>
    <version>1.0</version>
    <pluginRepositories>
        <pluginRepository>
            <id>central</id>
            <name>Maven Plugin Repository</name>
            <url>https://repo1.maven.org/maven2</url>
            <layout>default</layout>
            <snapshots>
                <enabled>false</enabled>
            </snapshots>
            <releases>
                <updatePolicy>never</updatePolicy>
            </releases>
        </pluginRepository>
    </pluginRepositories>
    <!-- Since Maven 3.0.3, for two plugins bound to the same phase, the order 
         of execution is the same as the order in which you define them. -->
    <build>
        <plugins>
            <plugin>
                <artifactId>maven-resources-plugin</artifactId>
                <version>2.3</version>
                <executions>
                    <execution>
                        <id>copy-resources-step</id>
                        <phase>prepare-package</phase>
                        <goals>
                            <goal>copy-resources</goal>
                        </goals>
                        <configuration>
                            <overwrite>true</overwrite>
                            <outputDirectory>${basedir}/target/apiproxy</outputDirectory>
                            <resources>
                                <resource>
                                    <directory>apiproxy</directory>
                                </resource>
                            </resources>
                        </configuration>
                    </execution>
                </executions>
            </plugin>
            <plugin>
                <groupId>io.apigee.build-tools.enterprise4g</groupId>
                <artifactId>apigee-edge-maven-plugin</artifactId>
                <version>1.2.1</version>
                <executions>
                    <execution>
                        <id>configure-bundle-step</id>
                        <phase>package</phase>
                        <goals>
                            <goal>configure</goal>
                        </goals>
                    </execution>
                    <execution>
                        <id>deploy-bundle</id>
                        <phase>install</phase>
                        <goals>
                            <goal>deploy</goal>
                        </goals>
                    </execution>
                </executions>
            </plugin>
            <plugin>
                <groupId>com.apigee.edge.config</groupId>
                <artifactId>apigee-config-maven-plugin</artifactId>
                <version>1.4.3</version>
                <executions>
                	<execution>
                        <id>create-config-specs</id>
                        <phase>verify</phase>                        
                        <goals>
                            <goal>specs</goal>
                        </goals>
                    </execution>
                    <execution>
                        <id>create-config-cache</id>
                        <phase>verify</phase>                        
                        <goals>
                            <goal>caches</goal>
                        </goals>
                    </execution>
                    <execution>
                        <id>create-config-keystores</id>
                        <phase>verify</phase>                        
                        <goals>
                            <goal>keystores</goal>
                        </goals>
                    </execution>
                    <execution>
                        <id>create-config-aliases</id>
                        <phase>verify</phase>                        
                        <goals>
                            <goal>aliases</goal>
                        </goals>
                    </execution>
                     <execution>
                        <id>create-config-references</id>
                        <phase>verify</phase>                        
                        <goals>
                            <goal>references</goal>
                        </goals>
                    </execution>
                    <execution>
                        <id>create-config-targetserver</id>
                        <phase>verify</phase>                        
                        <goals>
                            <goal>targetservers</goal>
                        </goals>
                    </execution>
                    <execution>
                        <id>create-config-resourcefiles</id>
                        <phase>install</phase>                        
                        <goals>
                            <goal>resourcefiles</goal>
                        </goals>
                    </execution>
                    <execution>
                        <id>create-config-apiproduct</id>
                        <phase>install</phase>                        
                        <goals>
                            <goal>apiproducts</goal>
                        </goals>
                    </execution>
                    <execution>
                        <id>create-config-developer</id>
                        <phase>install</phase>                        
                        <goals>
                            <goal>developers</goal>
                        </goals>
                    </execution>
                    <execution>
                        <id>create-config-app</id>
                        <phase>install</phase>                        
                        <goals>
                            <goal>apps</goal>
                        </goals>
                    </execution>
                    <execution>
                        <id>create-config-reports</id>
                        <phase>install</phase>                        
                        <goals>
                            <goal>reports</goal>
                        </goals>
                    </execution>
                    <execution> 
                        <id>import-keys</id>
                        <phase>install</phase>
                        <goals>
                            <goal>importKeys</goal>
                        </goals>
                    </execution>
                </executions>
            </plugin>            

        </plugins>
    </build>
    <profiles>
        <profile>
            <id>test</id>
            <properties>
                <apigee.profile>test</apigee.profile>
                <apigee.hosturl>https://api.enterprise.apigee.com</apigee.hosturl>
                <apigee.apiversion>v1</apigee.apiversion>
                <apigee.org>${org}</apigee.org>
                <apigee.env>${env}</apigee.env>
                <apigee.username>${username}</apigee.username>
                <apigee.password>${password}</apigee.password>
                <apigee.authtype>oauth</apigee.authtype> <!-- optional: oauth|basic(default) -->
                <apigee.tokenurl>https://login.apigee.com/oauth/token</apigee.tokenurl> <!-- optional: oauth -->
                <apigee.mfatoken>${mfatoken}</apigee.mfatoken> <!-- optional: mfa -->
                <apigee.clientid>${clientId}</apigee.clientid> <!-- optional: Oauth Client Id - Default is edgecli-->
                <apigee.clientsecret>${clientSecret}</apigee.clientsecret> <!-- optional: Oauth Client Secret Default is edgeclisecret-->
                <apigee.bearer>${bearer}</apigee.bearer> <!-- optional: Bearer token override -->
                <apigee.refresh>${refresh}</apigee.refresh> <!-- optional: Refresh token override -->
            </properties>
        </profile>
        <profile>
            <id>dev</id>
            <properties>
                <apigee.profile>dev</apigee.profile>
                <apigee.hosturl>https://api.enterprise.apigee.com</apigee.hosturl>
                <apigee.apiversion>v1</apigee.apiversion>
                <apigee.org>${org}</apigee.org>
                <apigee.env>${env}</apigee.env>
                <apigee.username>${username}</apigee.username>
                <apigee.password>${password}</apigee.password>
                <apigee.authtype>oauth</apigee.authtype> <!-- optional: oauth|basic(default) -->
                <apigee.tokenurl>https://login.apigee.com/oauth/token</apigee.tokenurl> <!-- optional: oauth -->
                <apigee.mfatoken>${mfatoken}</apigee.mfatoken> <!-- optional: mfa -->
                <apigee.clientid>${clientId}</apigee.clientid> <!-- optional: Oauth Client Id - Default is edgecli-->
                <apigee.clientsecret>${clientSecret}</apigee.clientsecret> <!-- optional: Oauth Client Secret Default is edgeclisecret-->
                <apigee.bearer>${bearer}</apigee.bearer> <!-- optional: Bearer token override -->
                <apigee.refresh>${refresh}</apigee.refresh> <!-- optional: Refresh token override -->
            </properties>
        </profile>
    </profiles>
    <dependencies>
        <dependency>
            <groupId>junit</groupId>
            <artifactId>junit</artifactId>
            <version>4.8.2</version>
            <scope>test</scope>
        </dependency>
    </dependencies>
</project>







