{
  "version": "1.0",
  "envConfig": {
    "test": {
      "targetServers": [
        {
          "name": "Enterprisetarget",
          "host": "example.com",
          "isEnabled": true,
          "port": 8080,
          "sSLInfo": {
            "enabled": "true",
            "clientAuthEnabled": "false",
            "keyStore": "keystore_name",
            "trustStore": "truststore_name",
            "keyAlias": "key_alias",
            "ignoreValidationErrors": "false"
          }
        },
        {
          "name": "ESBTarget",
          "host": "enterprise.com",
          "isEnabled": true,
          "port": 8080,
          "sSLInfo": {
            "enabled": "true",
            "clientAuthEnabled": "false",
            "keyStore": "keystore_name",
            "trustStore": "truststore_name",
            "keyAlias": "key_alias",
            "ignoreValidationErrors": "false"
          }
        }
      ],
      "virtualHosts": [
        {
          "name": "EnterpriseHost",
          "hostAliases": [
            "example.com",
            "api.example.com"
          ],
          "isEnabled": true,
          "port": 80
        },
        {
          "name": "ESBSecureHost",
          "hostAliases": [
            "enterprise.com"
          ],
          "isEnabled": true,
          "port": 443,
          "sSLInfo": {
            "enabled": "true",
            "clientAuthEnabled": "false",
            "keyStore": "keystore_name",
            "trustStore": "truststore_name",
            "keyAlias": "key_alias",
            "ignoreValidationErrors": "false"
          }
        }
      ],
      "userroles": [
        {
          "name": "tracer10",
          "resourcepermissions": [
            {
              "path": "/applications/*",
              "permissions": [
                "get",
                "put"
              ]
            },
            {
              "path": "/environments/*/application/*/revisions/*/debugsessions",
              "permissions": [
                "get",
                "put"
              ]
            },
            {
              "path": "/keyvaluemaps/*",
              "permissions": [
                "get",
                "put"
              ]
            }
          ]
        }
      ],
      "caches": [
        {
          "name": "quote",
          "description": "products quote"
        },
        {
          "name": "userMetadata",
          "description": "user metadata cache",
          "diskSizeInMB": 0,
          "distributed": true,
          "inMemorySizeInKB": 0,
          "maxElementsInMemory": 0,
          "maxElementsOnDisk": 0,
          "overflowToDisk": false,
          "persistent": false
        }
      ],
      "kvms": [
        {
          "name": "backend_account_config",
          "entry": [
            {
              "name": "COMPANY",
              "value": "example.com"
            },
            {
              "name": "PREFIX",
              "value": "EXMPL"
            }
          ]
        }
      ],
      "extensions": [
        {
          "name": "test-extension",
          "description": "Testing",
          "packageName": "gcp-stackdriver-logging",
          "version": "1.2.1"
        }
      ]
    },
    "dev": {
      "caches": [],
      "targetServers": []
    }
  },
  "orgConfig": {
    "specs": [
      {
        "name": "Petstore-v2",
        "file": "./resources/specs/petstore-v2.yaml"
      }
    ],
    "maskconfigs": [
      {
        "name": "default",
        "jSONPathsFault": [
          "$.store.book[*].author"
        ],
        "variables": [
          "request.header.user-agent",
          "request.formparam.password"
        ]
      }
    ],
    "apiProducts": [
      {
        "name": "weatherProduct",
        "displayName": "weather Product",
        "description": "weather Product",
        "apiResources": [
          "/**"
        ],
        "approvalType": "auto",
        "attributes": [
          {
            "name": "developer.quota.limit",
            "value": "10000"
          },
          {
            "name": "developer.quota.interval",
            "value": "1"
          },
          {
            "name": "developer.quota.timeunit",
            "value": "month"
          }
        ],
        "environments": [
          "test"
        ],
        "proxies": [
          "forecastweatherapi"
        ],
        "quota": "10000",
        "quotaInterval": "1",
        "quotaTimeUnit": "month",
        "scopes": []
      }
    ],
    "developers": [
      {
        "attributes": [],
        "email": "hugh@example.com",
        "firstName": "Hugh",
        "lastName": "Jack",
        "userName": "hughexample"
      },
      {
        "attributes": [],
        "email": "grant@enterprise.com",
        "firstName": "Grant",
        "lastName": "Smith",
        "userName": "grantsmith"
      }
    ],
    "developerApps": {
      "hugh@example.com": [
        {
          "name": "coolhughapp",
          "apiProducts": [
            "weatherProduct"
          ],
          "callbackUrl": "http://weatherapp.com",
          "scopes": []
        }
      ],
      "grant@enterprise.com": [
        {
          "name": "grantoneapp",
          "apiProducts": [
            "weatherProduct"
          ],
          "callbackUrl": "http://weatherapp.com",
          "scopes": []
        }
      ]
    },
    "kvms": [
      {
        "name": "user_account_status",
        "entry": [
          {
            "name": "ACTIVE",
            "value": "001"
          },
          {
            "name": "DISABLED",
            "value": "002"
          }
        ]
      },
      {
        "name": "validation_rules",
        "entry": [
          {
            "name": "name_max_length",
            "value": "15"
          },
          {
            "name": "max_start_date",
            "value": "1460896299"
          }
        ]
      }
    ]
  },
  "apiConfig": {
    "forecastweatherapi": {
      "kvms": [
        {
          "name": "AUTH_ERROR_CODES",
          "entry": [
            {
              "name": "COMPANY",
              "value": "example.com"
            },
            {
              "name": "PREFIX",
              "value": "EXMPL"
            }
          ]
        }
      ],
      "maskconfigs": [
        {
          "name": "default",
          "xPathsRequest": [
            "/apigee:Greeting/apigee:User"
          ],
          "xPathsResponse": [
            "/apigee:Greeting/apigee:User"
          ]
        }
      ],
      "resourcefiles": [
        {
          "name": "test-api.js",
          "type": "jsc",
          "revision": 1,
          "file": "./resources/edge/api/forecastweatherapi/resourceFiles/jsc/test.js"
        }
      ]
    }
  }
}
